date,T2M,RH2M,PRECTOTCORR,WS10M,ALLSKY_SFC_SW_DWN
20240101,28.98,79.48,3.66,2.6,22.12
20240102,28.91,79.08,8.0,3.42,18.66
20240103,29.0,82.35,4.25,3.7,20.69
20240104,28.87,77.24,10.09,1.52,22.82
20240105,27.98,81.58,9.38,2.17,19.01
20240106,28.39,79.21,4.68,2.81,18.62
20240107,28.29,80.73,4.98,2.97,23.18
20240108,27.84,81.35,3.06,2.48,14.64
20240109,28.21,81.47,3.13,2.87,21.16
20240110,28.94,82.16,1.18,4.24,19.26
20240111,29.06,81.87,4.24,4.51,18.11
20240112,28.74,82.7,4.61,4.25,16.05
20240113,28.37,83.66,8.25,4.23,7.41
20240114,28.39,84.5,7.91,5.26,8.04
20240115,28.07,84.62,63.78,4.89,7.8
20240116,28.31,81.79,9.21,5.92,8.34
20240117,28.36,83.53,2.18,5.71,17.86
20240118,28.86,82.91,1.76,5.64,19.75
20240119,28.46,83.62,5.1,6.03,12.55
20240120,27.61,84.38,9.87,4.0,12.51
20240121,28.41,83.09,5.78,5.91,17.54
20240122,28.76,81.12,2.89,6.19,22.08
20240123,28.35,81.2,9.2,4.31,11.31
20240124,28.51,81.21,4.43,5.72,9.79
20240125,28.68,82.31,4.07,6.01,17.73
20240126,28.45,85.22,3.91,5.31,19.71
20240127,28.6,83.14,1.51,5.34,20.21
20240128,28.68,82.82,0.47,5.41,22.4
20240129,28.68,80.21,0.38,3.3,20.7
20240130,28.6,82.52,1.37,4.07,21.57
20240131,28.48,84.42,6.3,4.48,23.65
20240201,28.17,85.96,9.99,3.88,20.25
20240202,28.05,83.88,11.31,3.05,24.66
20240203,28.11,86.19,13.81,4.0,13.95
20240204,27.74,84.82,7.82,3.14,18.31
20240205,27.47,82.71,10.07,1.99,23.97
20240206,28.25,80.02,2.66,2.3,22.75
20240207,27.31,84.58,15.38,2.08,5.64
20240208,28.37,77.79,3.57,1.45,24.12
20240209,28.86,78.75,3.12,2.48,23.36
20240210,28.68,85.49,8.25,6.06,8.67
20240211,28.57,81.86,11.85,4.95,10.71
20240212,27.48,83.56,7.49,2.84,19.78
20240213,28.43,82.68,4.46,4.2,23.47
20240214,28.82,84.06,5.52,5.57,20.97
20240215,28.92,84.99,7.58,5.08,13.95
20240216,29.08,80.54,2.82,6.91,18.61
20240217,28.93,76.28,0.18,6.18,21.6
20240218,28.73,81.27,0.3,6.23,20.95
20240219,28.59,84.04,0.13,5.55,25.78
20240220,28.69,84.17,0.29,5.7,25.64
20240221,28.82,83.65,0.38,6.94,25.19
20240222,28.74,82.14,0.45,5.53,23.86
20240223,28.71,83.17,1.32,4.74,22.16
20240224,28.71,84.69,2.09,4.81,25.5
20240225,28.35,83.81,6.13,4.11,19.55
20240226,27.82,80.89,5.77,1.4,20.01
20240227,28.32,77.43,1.54,2.74,25.73
20240228,28.81,83.64,1.11,5.84,25.43
20240229,28.87,83.91,3.77,4.53,20.9
20240301,28.5,87.08,9.76,4.07,18.88
20240302,28.51,85.66,1.84,2.8,22.87
20240303,27.7,85.84,6.25,2.22,19.32
20240304,27.97,80.11,4.26,1.89,19.98
20240305,28.05,85.79,3.49,4.14,20.98
20240306,28.28,85.81,7.27,3.63,19.23
20240307,28.2,85.85,2.96,3.92,15.4
20240308,28.3,87.01,3.43,4.8,21.66
20240309,27.98,85.11,3.35,3.59,8.97
20240310,27.09,86.0,15.29,3.92,4.76
20240311,28.58,80.25,0.08,4.83,15.8
20240312,28.85,83.12,1.14,4.87,23.25
20240313,27.8,83.96,4.18,3.54,14.02
20240314,28.56,81.6,1.32,5.3,21.51
20240315,28.78,83.22,0.67,5.4,19.22
20240316,28.51,81.7,1.33,5.06,18.6
20240317,28.78,80.92,1.27,6.53,21.94
20240318,28.59,85.33,4.13,4.64,22.18
20240319,28.12,86.11,3.42,3.15,14.04
20240320,28.5,84.43,1.76,5.67,21.38
20240321,28.34,85.35,3.39,5.67,10.22
20240322,28.06,84.22,2.59,3.27,23.94
20240323,28.48,82.49,0.39,2.87,24.86
20240324,28.45,84.81,1.45,2.21,23.72
20240325,28.7,83.37,3.45,2.31,24.28
20240326,28.3,83.81,12.98,2.25,22.4
20240327,28.06,86.53,40.29,3.19,20.15
20240328,27.57,85.96,4.35,3.85,15.61
20240329,27.99,75.95,7.54,1.7,23.35
20240330,29.05,74.16,1.14,1.55,24.11
20240331,28.3,83.39,7.7,3.14,21.39
20240401,28.71,78.43,2.29,2.59,20.46
20240402,28.6,83.38,2.1,3.42,23.18
20240403,28.97,81.68,0.32,4.61,21.99
20240404,29.12,82.71,0.41,5.44,23.84
20240405,29.08,83.59,1.3,5.54,22.11
20240406,28.95,84.48,2.21,4.56,22.38
20240407,28.38,85.58,4.73,5.53,19.68
20240408,28.7,83.2,2.82,4.87,18.41
20240409,28.35,81.44,2.74,1.99,12.79
20240410,28.34,81.26,2.36,2.18,18.72
20240411,28.49,80.79,2.62,3.49,20.46
20240412,28.23,76.12,4.51,3.55,22.45
20240413,28.92,72.4,0.18,1.47,23.85
20240414,28.81,80.25,0.76,2.24,20.12
20240415,28.91,76.52,2.24,2.03,21.43
20240416,28.94,75.01,5.26,1.93,20.93
20240417,28.94,79.62,0.15,2.33,23.51
20240418,28.96,79.6,0.63,1.65,20.93
20240419,29.33,76.01,0.07,1.53,24.05
20240420,29.43,77.58,0.24,1.45,23.0
20240421,29.29,79.54,0.49,1.91,22.73
20240422,28.89,80.57,2.24,1.51,20.5
20240423,29.32,77.48,1.88,1.84,21.1
20240424,29.22,80.6,21.16,2.82,18.36
20240425,28.83,77.09,9.85,1.49,22.8
20240426,29.39,77.59,6.55,2.02,22.01
20240427,28.04,79.17,8.25,1.81,22.18
20240428,28.62,81.53,4.25,2.75,20.83
20240429,28.06,85.93,7.08,2.39,14.11
20240430,28.71,79.01,0.82,2.02,21.75
20240501,29.11,79.13,2.41,1.36,21.47
20240502,29.18,81.2,13.8,1.93,20.42
20240503,28.21,86.37,34.6,3.17,7.13
20240504,27.34,83.38,6.92,1.17,17.77
20240505,28.68,82.6,4.63,3.52,18.58
20240506,28.61,83.24,3.21,3.33,13.26
20240507,28.86,82.52,0.6,2.79,20.78
20240508,28.81,84.18,2.24,2.62,21.14
20240509,28.56,83.8,2.33,2.02,17.22
20240510,29.41,79.0,1.89,2.19,20.88
20240511,29.04,79.01,1.93,1.72,18.21
20240512,29.0,79.86,3.65,2.75,19.02
20240513,29.3,81.91,5.89,3.72,19.62
20240514,29.61,78.27,2.32,2.99,21.0
20240515,28.81,80.77,5.81,2.22,19.06
20240516,28.87,82.86,3.69,1.18,14.85
20240517,29.04,81.43,3.33,1.73,19.38
20240518,29.51,81.39,3.01,3.4,19.13
20240519,29.84,77.48,1.48,5.82,16.71
20240520,29.68,77.7,0.46,2.85,19.72
20240521,29.68,80.91,1.11,4.85,13.98
20240522,29.27,83.78,4.18,3.93,17.52
20240523,28.89,85.92,4.76,4.21,4.97
20240524,29.14,82.6,3.29,2.59,18.8
20240525,29.42,84.46,7.34,5.57,18.76
20240526,29.27,87.39,22.56,6.48,15.47
20240527,28.61,85.49,17.73,4.04,12.32
20240528,28.38,83.35,8.78,3.47,13.93
20240529,28.98,81.55,3.81,2.29,17.63
20240530,28.87,79.82,7.97,1.41,20.37
20240531,28.27,80.5,5.35,2.14,19.17
20240601,28.8,79.87,16.16,2.12,20.32
20240602,27.6,87.51,19.56,3.85,13.05
20240603,28.15,87.91,42.15,5.39,15.73
20240604,28.49,81.58,11.27,5.53,11.11
20240605,28.59,82.7,1.93,4.11,17.09
20240606,29.1,79.74,2.16,3.56,8.2
20240607,28.34,82.39,2.43,2.82,13.08
20240608,28.56,80.65,1.64,3.09,13.12
20240609,28.56,79.72,2.64,1.88,19.46
20240610,28.94,81.89,4.35,1.85,18.56
20240611,28.02,83.2,8.55,3.14,15.73
20240612,28.24,81.79,5.95,3.06,17.85
20240613,28.1,81.55,12.47,3.23,14.88
20240614,28.1,75.5,2.66,1.05,16.13
20240615,28.12,79.67,1.75,1.74,14.95
20240616,28.77,78.02,4.54,2.14,19.61
20240617,28.44,74.65,6.54,2.17,17.65
20240618,28.06,80.95,6.81,3.34,14.97
20240619,28.72,79.25,1.27,5.62,16.32
20240620,29.12,74.14,0.62,5.99,19.27
20240621,29.06,76.96,0.18,6.51,20.72
20240622,28.73,81.03,8.03,4.71,17.11
20240623,28.16,85.34,85.77,4.01,12.8
20240624,27.94,83.61,64.92,3.19,11.79
20240625,28.27,75.91,2.14,1.59,21.36
20240626,28.77,80.26,1.16,2.84,18.15
20240627,28.75,82.7,1.29,0.88,20.72
20240628,28.32,83.99,7.24,1.78,16.47
20240629,28.1,84.64,26.1,4.12,13.71
20240630,28.22,82.41,7.7,3.11,18.72
20240701,28.23,86.24,7.54,4.45,9.79
20240702,27.6,86.61,32.61,4.69,12.87
20240703,27.2,86.65,12.31,4.31,9.53
20240704,28.24,77.67,1.09,2.56,16.36
20240705,28.74,77.84,3.45,2.56,21.15
20240706,28.56,78.72,7.15,2.73,19.39
20240707,28.14,82.03,21.14,4.31,12.42
20240708,29.13,71.0,2.2,3.86,11.81
20240709,28.31,76.9,2.63,2.82,12.46
20240710,28.29,78.18,1.93,4.57,20.28
20240711,28.68,78.55,0.57,6.82,19.25
20240712,28.46,77.24,0.91,6.66,20.34
20240713,27.98,82.26,0.84,6.48,14.03
20240714,28.31,80.24,0.74,6.35,20.6
20240715,28.48,80.57,1.05,4.99,20.03
20240716,28.43,82.24,3.68,6.35,15.97
20240717,28.55,80.08,0.78,5.49,21.49
20240718,28.67,76.28,0.39,6.0,22.02
20240719,28.44,78.56,0.9,6.47,22.33
20240720,28.4,79.0,0.13,6.44,21.79
20240721,28.55,81.48,0.88,7.24,19.91
20240722,28.65,80.23,3.34,5.11,19.95
20240723,28.6,77.78,2.16,2.32,17.26
20240724,28.63,77.77,3.89,2.48,17.68
20240725,28.5,79.32,1.97,2.91,20.74
20240726,28.62,83.11,1.79,4.57,21.41
20240727,28.81,83.6,1.29,5.04,20.8
20240728,28.8,83.26,1.4,4.9,20.63
20240729,28.7,82.78,2.84,3.66,21.98
20240730,28.48,82.03,7.69,2.24,19.44
20240731,28.31,80.05,4.82,1.9,16.58
20240801,28.6,82.17,3.47,4.67,21.83
20240802,28.99,79.21,5.22,5.84,19.18
20240803,28.83,77.44,3.42,3.74,21.94
20240804,29.05,75.44,0.63,3.92,22.85
20240805,28.83,78.34,0.6,4.42,16.46
20240806,28.12,85.73,14.22,6.01,14.75
20240807,27.68,87.29,21.5,7.65,15.33
20240808,27.97,85.98,4.53,4.58,18.53
20240809,28.34,82.71,3.23,7.68,17.71
20240810,28.64,77.15,0.2,3.7,15.74
20240811,28.7,76.51,0.26,6.33,21.75
20240812,28.61,78.08,0.8,6.6,20.62
20240813,28.47,79.5,0.84,5.33,18.82
20240814,28.59,77.15,0.4,4.57,21.3
20240815,29.14,75.01,0.07,5.61,21.57
20240816,28.74,77.42,0.9,4.26,21.87
20240817,28.82,78.11,1.14,4.93,22.12
20240818,28.61,79.86,0.93,4.82,21.27
20240819,28.57,80.38,13.27,5.59,20.71
20240820,28.13,82.93,11.87,4.21,18.53
20240821,27.88,84.7,25.59,3.42,18.36
20240822,27.03,87.94,29.1,4.48,9.29
20240823,27.26,84.24,5.28,3.36,18.98
20240824,28.86,77.83,0.5,7.22,17.75
20240825,28.68,79.69,1.33,6.04,21.39
20240826,28.93,80.64,4.24,5.3,18.59
20240827,28.27,81.1,8.9,4.0,11.32
20240828,28.44,79.97,4.92,5.54,20.63
20240829,28.96,70.62,4.41,4.19,19.37
20240830,28.05,78.32,0.59,2.23,15.52
20240831,28.4,81.09,0.67,3.76,20.34
20240901,28.22,84.78,1.16,3.96,22.98
20240902,28.84,80.89,0.57,6.45,23.15
20240903,29.05,77.85,1.52,3.12,20.99
20240904,28.19,73.82,1.99,2.61,21.04
20240905,27.97,82.68,5.41,4.16,21.93
20240906,28.9,79.62,1.21,4.86,22.09
20240907,28.31,81.39,3.08,3.3,18.18
20240908,28.4,78.22,3.45,2.74,18.23
20240909,28.37,83.44,4.32,5.71,21.34
20240910,28.68,80.08,0.47,6.48,24.49
20240911,28.84,74.06,0.01,7.72,24.95
20240912,28.72,76.3,0.05,7.61,25.55
20240913,28.77,76.02,0.06,8.69,25.7
20240914,28.92,71.1,0.0,7.27,22.6
20240915,28.58,75.47,0.01,7.4,23.22
20240916,28.36,80.33,0.01,6.65,22.86
20240917,28.26,80.41,0.01,6.01,23.02
20240918,28.3,82.04,0.09,6.34,23.3
20240919,27.95,84.27,0.22,3.93,20.69
20240920,27.9,81.77,0.38,2.52,21.69
20240921,28.42,77.35,0.4,2.58,20.16
20240922,28.67,82.43,0.6,2.67,21.15
20240923,28.8,79.8,2.53,2.66,19.88
20240924,28.58,73.54,2.09,3.37,24.14
20240925,28.37,80.93,0.86,2.99,15.11
20240926,28.52,77.08,1.73,1.92,21.2
20240927,27.42,85.41,22.5,2.92,19.53
20240928,27.92,79.97,5.14,2.01,24.47
20240929,27.58,81.37,30.66,3.36,21.22
20240930,28.25,85.88,40.41,3.95,19.01
20241001,27.95,85.44,2.38,3.21,19.87
20241002,28.23,80.84,5.69,5.71,18.75
20241003,27.8,79.01,1.14,2.06,20.18
20241004,28.86,76.15,1.83,2.54,21.62
20241005,28.8,81.22,1.7,3.88,20.71
20241006,29.17,75.47,2.87,3.22,24.72
20241007,28.95,77.01,2.58,3.48,23.97
20241008,28.91,78.08,19.57,3.53,19.84
20241009,27.83,77.92,9.82,2.62,23.81
20241010,27.55,83.91,15.87,2.61,17.62
20241011,27.84,83.51,16.47,2.55,18.9
20241012,28.32,77.61,3.03,2.42,23.12
20241013,28.32,79.09,5.21,1.87,22.96
20241014,27.75,82.69,5.92,2.01,14.66
20241015,27.59,80.06,5.04,2.78,17.88
20241016,27.71,80.13,4.65,2.34,21.44
20241017,27.9,78.78,4.45,2.16,14.6
20241018,26.98,81.89,6.17,1.83,14.31
20241019,28.37,71.11,0.81,1.28,20.25
20241020,28.57,75.36,1.76,1.81,23.11
20241021,27.65,83.09,2.21,2.17,18.98
20241022,28.24,82.29,0.56,4.97,23.34
20241023,28.59,83.52,0.46,6.18,24.44
20241024,28.67,83.41,0.67,5.62,24.4
20241025,29.0,81.84,2.47,7.0,22.02
20241026,28.72,84.27,4.91,6.61,23.47
20241027,28.5,84.4,5.07,3.73,22.38
20241028,28.66,82.77,6.84,1.96,25.43
20241029,28.65,81.25,2.44,1.52,23.16
20241030,28.77,83.39,3.13,2.48,23.5
20241031,28.58,81.01,1.36,3.0,21.82
20241101,27.87,80.03,1.89,2.05,20.59
20241102,28.25,76.94,2.76,1.03,13.15
20241103,28.73,77.22,1.52,2.57,24.15
20241104,28.2,81.11,3.42,3.79,17.17
20241105,28.38,82.13,2.31,4.13,20.3
20241106,28.22,80.39,2.97,1.67,18.11
20241107,28.63,76.49,1.45,1.39,17.73
20241108,28.37,76.88,1.05,1.81,23.68
20241109,28.14,80.51,3.75,1.38,22.73
20241110,28.64,76.09,6.27,2.16,22.4
20241111,28.31,79.91,1.66,2.27,20.28
20241112,28.31,76.03,7.94,1.79,16.51
20241113,28.53,77.9,2.48,2.03,20.86
20241114,28.04,79.25,25.98,1.59,17.69
20241115,28.53,74.64,5.12,1.73,24.24
20241116,28.52,80.21,3.13,2.03,23.28
20241117,28.8,81.39,5.99,2.63,22.53
20241118,28.67,79.38,3.89,2.19,19.83
20241119,28.28,82.42,6.58,4.89,17.47
20241120,28.21,85.24,6.88,4.4,10.67
20241121,28.29,82.25,14.94,2.65,22.21
20241122,28.56,80.51,8.24,2.38,20.8
20241123,27.46,84.22,4.99,2.57,17.94
20241124,27.75,82.74,5.49,2.87,18.22
20241125,28.21,83.82,2.57,2.6,18.82
20241126,28.41,84.52,5.54,4.36,20.31
20241127,28.31,86.5,2.25,5.29,20.44
20241128,28.48,83.58,3.29,3.52,18.43
20241129,28.97,80.96,0.95,3.86,18.51
20241130,29.06,85.16,4.03,5.42,10.71
20241201,27.9,85.28,26.91,3.5,7.05
20241202,28.58,79.81,1.45,3.88,22.6
20241203,28.74,79.32,1.41,1.93,17.24
20241204,28.15,84.29,5.86,3.79,13.58
20241205,28.4,81.72,10.24,4.12,6.83
20241206,27.94,82.61,9.65,2.7,11.24
20241207,28.39,78.83,30.59,2.94,16.28
20241208,29.15,75.93,5.45,2.72,19.24
20241209,28.7,80.17,20.52,2.09,9.61
20241210,28.79,75.79,15.05,1.01,13.19
20241211,28.83,76.56,5.35,1.68,14.61
20241212,28.03,82.82,6.34,2.89,13.51
20241213,27.98,77.82,4.1,1.83,17.03
20241214,28.49,82.01,2.58,4.02,21.78
20241215,28.09,83.13,6.39,3.93,8.67
20241216,28.32,78.6,5.47,2.89,13.34
20241217,28.52,74.77,7.35,1.25,19.01
20241218,28.69,79.24,8.82,2.59,23.65
20241219,28.03,83.95,14.25,1.5,12.06
20241220,28.15,83.76,21.94,3.32,17.99
20241221,28.41,82.94,20.68,3.35,18.2
20241222,28.46,83.53,12.57,4.31,8.03
20241223,28.23,80.95,3.21,2.9,15.98
20241224,28.19,81.13,4.53,2.03,17.13
20241225,27.94,84.02,28.43,3.35,9.01
20241226,28.18,81.91,2.79,4.32,16.56
20241227,28.32,82.09,6.94,3.51,19.2
20241228,28.03,79.59,13.74,2.73,15.77
20241229,28.06,76.38,6.79,1.67,17.63
20241230,28.21,79.72,2.56,1.87,19.28
20241231,27.82,81.68,11.16,1.95,15.8
20250101,27.97,79.39,8.12,2.64,18.37
20250102,28.13,80.39,2.96,2.46,16.98
20250103,28.18,81.27,2.96,3.0,19.53
20250104,27.75,81.21,4.75,1.88,16.43
20250105,27.88,77.42,8.25,2.3,14.98
20250106,28.38,78.11,0.39,2.31,23.42
20250107,28.37,79.49,1.28,1.79,20.17
20250108,27.38,83.3,9.43,1.6,17.24
20250109,27.91,79.72,2.64,1.46,20.2
20250110,27.96,78.43,5.43,1.84,18.78
20250111,28.1,79.5,1.8,1.93,19.06
20250112,27.73,80.54,6.58,2.01,16.02
20250113,27.41,82.23,11.38,1.87,18.73
20250114,28.04,84.38,2.74,4.71,18.48
20250115,27.52,86.45,3.71,4.73,15.73
20250116,27.6,85.29,7.48,3.98,15.17
20250117,28.31,83.11,3.46,4.43,16.43
20250118,28.18,85.65,2.31,5.16,22.27
20250119,27.57,84.16,8.95,3.06,10.16
20250120,27.32,82.65,5.94,3.11,18.32
20250121,27.44,86.57,5.07,5.19,11.54
20250122,27.28,85.58,5.35,4.26,19.53
20250123,26.76,86.96,3.42,3.24,16.1
20250124,27.09,82.99,10.95,3.09,14.06
20250125,27.33,78.88,1.75,1.98,18.37
20250126,27.23,84.97,6.29,3.28,18.03
20250127,27.21,84.14,6.04,2.97,17.2
20250128,27.53,84.5,6.3,4.15,17.51
20250129,27.44,83.86,18.6,3.67,7.4
20250130,26.69,79.2,14.73,1.25,12.59
20250131,27.55,77.77,3.77,1.72,18.19
20250201,27.37,82.81,2.92,3.61,15.92
20250202,28.26,79.65,2.48,4.26,18.4
20250203,28.59,77.06,2.22,1.93,20.76
20250204,28.37,75.31,5.43,1.69,18.98
20250205,28.49,77.42,7.28,2.45,14.57
20250206,28.26,77.21,13.0,2.71,20.04
20250207,27.23,81.26,5.11,2.38,15.08
20250208,27.91,81.75,10.16,3.94,17.24
20250209,27.78,83.96,27.04,2.73,18.0
20250210,27.81,82.14,5.96,1.36,19.51
20250211,27.93,82.08,4.69,1.95,20.25
20250212,27.59,83.84,2.07,2.28,17.68
20250213,28.27,81.38,2.75,4.47,19.4
20250214,28.37,84.58,2.42,5.16,17.22
20250215,28.72,82.68,4.56,4.42,22.89
20250216,28.39,79.44,5.81,1.52,20.45
20250217,28.19,78.0,9.23,2.73,15.4
20250218,27.86,79.71,7.55,2.45,19.59
20250219,28.13,77.55,6.98,2.29,20.96
20250220,27.72,78.83,7.46,1.8,8.28
20250221,28.17,75.85,1.85,1.5,19.69
20250222,28.39,80.05,2.08,3.26,21.35
20250223,27.7,83.69,6.08,4.38,13.08
20250224,27.22,82.89,8.67,2.95,17.47
20250225,27.45,78.2,3.87,2.33,22.16
20250226,27.48,83.09,2.98,3.07,18.15
20250227,27.4,76.87,3.07,2.37,14.08
20250228,28.52,75.37,0.39,2.0,21.34
20250301,28.03,79.55,0.91,1.66,18.85
20250302,28.16,82.61,2.3,2.88,17.29
20250303,28.26,81.61,1.36,1.79,22.99
20250304,28.12,81.46,2.04,1.62,23.53
20250305,27.87,82.9,1.87,3.27,15.75
20250306,28.67,80.29,1.54,3.49,19.25
20250307,27.78,85.52,6.61,5.27,18.83
20250308,27.62,83.54,11.13,4.71,13.79
20250309,28.53,79.19,3.81,3.64,20.75
20250310,27.92,82.07,22.85,2.58,20.58
20250311,27.67,78.0,13.09,3.7,19.06
20250312,28.6,79.52,1.97,4.9,23.78
20250313,28.56,81.35,4.66,4.26,12.83
20250314,28.69,77.98,2.73,2.75,24.15
20250315,28.5,81.19,4.61,3.81,16.11
20250316,27.84,84.03,2.98,3.23,9.59
20250317,27.62,80.25,6.2,3.61,6.47
20250318,28.64,74.2,1.05,2.81,23.16
20250319,28.52,77.98,6.57,2.99,21.43
20250320,27.98,78.56,11.83,1.67,14.39
20250321,27.65,81.52,12.16,3.65,11.27
20250322,26.84,79.9,5.56,1.57,9.16
20250323,27.92,77.27,2.05,3.08,16.72
20250324,28.33,75.86,1.48,2.22,20.56
20250325,28.2,76.18,1.34,1.93,19.56
20250326,28.76,72.72,1.35,1.52,17.55
20250327,28.9,78.8,1.32,1.29,23.55
20250328,28.93,82.03,3.23,2.18,23.73
20250329,28.74,77.44,11.87,3.36,20.58
20250330,27.84,79.12,2.2,2.52,12.42
20250331,28.83,75.2,2.33,2.29,24.0
20250401,27.84,80.14,11.44,2.69,9.34
20250402,27.17,79.53,12.41,1.5,22.62
20250403,28.31,74.37,1.89,1.18,20.72
20250404,28.29,79.56,3.27,2.59,16.91
20250405,28.33,79.22,9.23,2.76,11.61
20250406,27.59,77.83,3.18,1.39,15.49
20250407,28.59,74.16,0.29,2.09,22.77
20250408,27.96,82.49,7.79,2.2,20.89
20250409,27.62,79.14,3.97,1.47,19.42
20250410,28.36,75.63,3.01,1.6,21.81
20250411,27.77,80.57,5.18,1.94,11.35
20250412,28.33,75.09,3.71,1.82,24.1
20250413,28.67,79.17,3.72,2.3,21.67
20250414,28.16,78.11,4.66,2.09,24.16
20250415,28.27,77.93,3.57,2.82,20.72
20250416,28.39,80.78,2.53,3.8,20.84
20250417,28.84,77.29,1.99,3.83,12.45
20250418,28.52,79.59,7.54,2.87,17.58
20250419,28.48,74.59,1.64,1.79,20.95
20250420,29.14,72.54,0.32,1.24,21.62
20250421,28.48,79.06,2.06,1.67,19.19
20250422,28.31,78.25,4.01,2.11,20.67
20250423,28.84,72.36,1.07,2.16,17.87
20250424,28.66,74.51,0.81,2.47,18.04
20250425,28.55,75.17,2.65,2.62,19.01
20250426,28.81,77.23,2.73,3.93,14.4
20250427,28.68,71.6,1.88,1.49,13.32
20250428,28.66,73.16,1.72,1.31,17.11
20250429,28.67,78.22,1.88,3.18,10.32
20250430,28.9,75.49,1.72,1.6,15.72
20250501,28.91,77.68,0.9,1.79,22.7
20250502,29.14,80.14,2.58,3.05,18.1
20250503,29.4,77.59,0.96,3.5,20.6
20250504,29.42,77.29,0.87,2.14,20.19
20250505,28.57,80.88,1.13,1.3,16.99
20250506,28.62,79.83,5.36,2.64,15.8
20250507,29.03,66.47,2.57,1.93,17.78
20250508,29.66,72.83,3.98,2.19,22.72
20250509,28.87,80.05,7.52,2.31,18.35
20250510,27.99,76.39,5.63,2.71,8.9
20250511,29.03,74.96,0.53,2.32,23.24
20250512,28.97,79.21,1.63,2.67,19.05
20250513,28.83,77.11,0.91,1.5,22.37
20250514,28.92,73.1,0.79,2.65,20.22
20250515,29.25,78.32,1.13,2.67,19.59
20250516,29.21,79.16,1.81,2.13,18.67
20250517,28.4,82.83,2.04,2.75,18.82
20250518,28.43,78.19,5.06,1.8,17.75
20250519,28.96,77.99,2.96,1.73,19.99
20250520,28.16,87.4,8.82,3.29,17.49
20250521,28.82,81.01,3.94,3.52,17.75
20250522,28.55,79.66,6.72,1.78,17.54
20250523,28.44,81.84,2.79,2.98,15.19
20250524,28.76,77.0,3.84,1.72,18.54
20250525,29.22,77.37,0.88,1.57,19.57
20250526,29.13,79.18,2.4,1.65,20.46
20250527,28.66,81.52,3.05,3.81,11.09
20250528,29.27,78.1,4.1,4.92,21.49
20250529,29.03,82.53,9.82,3.03,17.29
20250530,27.75,85.38,38.1,2.57,19.43
20250531,28.17,83.7,6.62,4.98,17.59
20250601,27.44,77.62,14.78,2.52,12.66
20250602,27.58,77.11,12.16,1.91,13.51
20250603,27.71,77.33,10.35,2.84,11.02
20250604,28.96,74.36,0.36,3.61,16.83
20250605,28.93,78.39,0.92,4.02,21.89
20250606,29.18,79.43,0.35,4.38,19.2
20250607,28.67,81.5,0.64,4.02,20.53
20250608,28.65,81.99,3.38,4.07,20.5
20250609,28.71,68.89,1.39,2.47,20.66
20250610,29.15,78.79,1.14,5.05,20.85
20250611,29.1,81.06,2.16,5.19,15.91
20250612,28.03,85.71,5.51,2.7,19.38
20250613,28.06,80.67,2.04,1.98,18.9
20250614,28.5,67.65,3.06,1.87,17.25
20250615,29.34,76.82,0.69,5.18,18.83
20250616,29.62,75.25,0.53,3.48,21.02
20250617,28.79,78.27,1.95,1.77,18.6
20250618,28.29,78.98,2.47,2.48,13.06
20250619,28.03,79.46,3.07,3.94,18.25
20250620,27.19,83.28,10.13,3.42,8.04
20250621,28.22,78.94,4.17,3.61,17.39
20250622,28.2,75.95,2.15,1.63,16.48
20250623,28.31,74.28,1.96,1.33,19.25
20250624,28.05,81.44,3.72,4.31,14.0
20250625,28.36,81.38,1.03,5.25,15.91
20250626,29.12,73.55,1.01,3.1,17.92
20250627,28.68,74.93,0.48,3.07,11.89
20250628,28.26,79.52,1.03,1.94,14.43
20250629,28.04,74.73,0.73,4.27,12.58
20250630,28.56,77.38,2.58,5.48,17.57
20250701,29.06,75.15,2.29,5.52,15.02
20250702,28.73,78.49,3.54,4.19,18.13
20250703,28.34,80.99,4.39,2.37,19.15
20250704,28.14,75.16,4.88,1.65,20.9
20250705,27.93,78.07,10.93,3.58,12.42
20250706,28.38,77.75,1.32,4.01,19.15
20250707,27.75,77.79,3.76,1.62,16.14
20250708,27.58,75.47,0.77,2.14,19.51
20250709,27.82,82.35,1.74,5.19,17.85
20250710,27.6,83.31,1.76,3.55,17.61
20250711,28.08,78.44,0.29,2.53,16.05
20250712,28.43,78.11,0.47,1.4,18.38
20250713,28.65,80.23,0.4,3.5,17.37
20250714,28.61,81.37,0.4,4.3,16.81
20250715,28.21,82.87,1.27,4.42,8.68
20250716,28.31,80.53,4.84,4.45,13.1
20250717,28.11,77.5,16.53,6.99,18.32
20250718,28.06,74.13,0.12,7.01,21.01
20250719,28.11,71.05,0.0,7.07,22.19
20250720,28.11,71.79,0.01,5.35,22.72
20250721,28.16,77.27,0.13,4.08,21.76
20250722,27.87,83.59,0.66,3.76,20.94
20250723,28.27,83.55,0.8,4.31,22.18
20250724,28.66,82.74,0.69,4.47,22.54
20250725,28.79,83.65,0.53,5.49,22.23
20250726,28.65,84.5,0.47,5.26,21.88
20250727,28.34,83.04,1.0,3.19,19.0
20250728,28.5,82.24,0.27,4.62,22.33
20250729,28.86,81.24,0.17,6.42,22.28
20250730,28.75,80.64,0.64,4.34,18.79
20250731,28.16,86.74,20.34,5.3,17.17
20250801,28.87,80.59,3.06,2.61,21.71
20250802,28.67,82.75,2.93,2.0,19.17
20250803,28.25,83.83,17.19,2.42,18.22
20250804,27.78,82.83,5.65,3.23,18.18
20250805,28.03,81.05,1.71,4.98,20.68
20250806,27.81,81.55,4.9,2.97,20.09
20250807,27.82,78.5,0.72,1.4,20.49
20250808,28.0,79.65,0.8,2.71,20.95
20250809,27.74,76.08,2.66,2.61,16.04
20250810,27.65,80.27,1.98,4.31,14.37
20250811,28.68,75.88,1.15,4.94,20.36
20250812,28.79,71.21,1.5,2.62,18.3
20250813,28.33,72.29,0.36,3.46,19.16
20250814,28.72,72.79,0.03,6.57,21.28
20250815,28.79,74.7,0.14,5.72,22.11
20250816,28.62,74.97,0.57,4.18,18.72
20250817,27.83,77.75,3.34,2.08,12.94
20250818,27.47,83.27,3.45,3.32,20.58
20250819,27.61,82.96,4.04,3.42,19.58
20250820,27.39,86.64,2.12,6.04,22.14
20250821,28.0,83.72,1.14,7.21,21.83
20250822,27.73,81.94,1.93,4.35,19.27
20250823,27.04,79.2,1.5,1.94,14.92
20250824,27.06,78.01,2.61,2.49,11.14
20250825,28.28,77.29,3.43,4.39,16.47
20250826,27.14,79.79,3.03,3.43,18.9
20250827,27.5,83.77,3.45,3.86,17.75
20250828,27.37,78.96,3.89,2.39,14.56
20250829,28.31,78.94,1.84,4.6,21.61
20250830,28.26,80.37,1.4,4.0,20.36
20250831,27.77,77.73,4.05,2.5,19.05
20250901,28.1,78.93,4.13,2.88,22.31
20250902,28.5,77.34,0.93,1.93,23.89
20250903,28.79,74.22,0.89,2.25,19.59
20250904,27.84,77.84,1.39,2.8,17.9
20250905,27.44,82.99,3.71,3.09,19.2
20250906,27.26,84.41,4.65,3.27,17.91
20250907,27.17,89.63,15.1,5.77,15.68
20250908,27.84,88.48,23.42,4.42,20.95
20250909,28.1,83.36,14.51,5.94,18.01
20250910,28.09,82.35,5.65,3.74,21.92
20250911,27.26,82.86,4.73,2.5,20.8
20250912,28.17,83.0,2.53,5.18,19.72
20250913,29.05,74.8,0.86,3.92,22.62
20250914,28.1,78.21,16.75,2.83,9.27
20250915,28.55,75.81,10.77,2.88,22.21
20250916,28.06,82.48,14.0,3.5,17.56
20250917,27.96,80.54,12.21,2.71,20.82
20250918,27.78,79.51,11.14,3.25,21.85
20250919,27.74,77.34,1.13,1.67,22.73
20250920,28.3,75.81,0.37,1.46,23.98
20250921,28.63,81.29,0.32,5.15,24.52
20250922,28.88,80.64,0.08,6.8,25.55
20250923,28.77,79.9,0.5,3.85,23.12
20250924,28.26,81.06,2.14,3.12,22.65
20250925,28.87,76.0,1.55,2.55,24.98
20250926,28.55,80.85,0.69,3.9,23.98
20250927,28.48,81.05,3.06,3.16,16.61
20250928,28.52,71.8,2.47,1.75,21.62
20250929,27.49,75.35,5.16,1.54,21.99
20250930,27.94,80.26,3.37,3.21,21.3
20251001,28.35,77.94,0.57,3.16,25.11
20251002,28.9,77.79,0.6,3.02,24.87
20251003,28.28,82.09,6.74,2.75,22.81
20251004,27.89,80.63,30.51,5.94,18.02
20251005,27.85,75.64,6.47,3.49,21.52
20251006,27.62,79.02,2.05,4.41,14.62
20251007,28.83,71.31,0.23,3.78,17.96
20251008,28.67,79.99,1.21,6.22,20.41
20251009,28.33,82.48,0.37,4.82,22.91
20251010,27.8,82.77,1.43,2.71,21.27
20251011,28.4,76.52,0.28,1.58,22.92
20251012,28.51,74.32,0.25,1.46,22.0
20251013,28.49,79.5,1.25,2.22,23.14
20251014,28.25,81.25,7.65,2.69,18.65
20251015,28.0,81.75,2.7,1.65,23.14
20251016,28.51,77.03,1.97,1.4,25.07
20251017,28.86,76.08,2.52,2.18,23.68
20251018,28.88,81.83,1.21,3.02,24.22
20251019,28.77,77.68,4.23,1.08,21.73
20251020,28.62,78.74,3.59,1.92,20.16
20251021,28.25,82.42,1.99,2.16,19.58
20251022,27.79,82.02,5.24,2.21,19.4
20251023,28.01,85.43,2.51,3.52,20.39
20251024,27.8,84.59,5.51,3.17,15.63
20251025,28.27,77.27,7.63,2.15,22.35
20251026,27.39,82.8,12.35,2.78,12.26
20251027,27.89,80.22,7.08,2.79,16.22
20251028,28.61,75.5,5.17,1.53,21.55
20251029,28.31,77.62,4.22,2.28,12.44
20251030,28.84,75.52,0.26,4.9,20.12
20251031,28.79,79.61,1.29,3.78,8.81
20251101,29.12,68.75,1.19,2.33,24.03
20251102,28.74,74.11,1.78,1.22,24.1
20251103,28.86,75.42,1.3,1.92,23.46
20251104,28.68,80.38,2.99,2.61,14.59
20251105,28.56,82.66,2.79,4.27,18.31
20251106,28.9,82.21,4.15,6.38,17.21
20251107,28.28,79.22,3.84,3.58,17.64
20251108,28.78,74.54,5.78,1.56,24.79
20251109,28.23,84.36,10.11,4.87,8.63
20251110,28.31,76.79,5.75,3.27,16.13
20251111,28.57,76.99,11.42,4.34,19.94
20251112,28.04,80.25,13.31,3.56,20.48
20251113,28.07,81.45,4.92,3.32,13.88
20251114,27.96,78.0,3.37,1.48,22.26
20251115,28.69,78.72,2.19,3.54,19.09
20251116,28.68,82.21,7.4,4.34,20.06
20251117,28.39,77.0,4.68,1.85,21.53
20251118,28.38,77.66,3.47,1.88,18.85
20251119,28.06,79.74,12.26,2.07,15.67
20251120,27.85,79.35,7.55,1.1,21.49
20251121,27.93,81.72,3.48,2.59,12.7
20251122,28.12,80.78,3.07,3.02,21.96
20251123,28.38,80.94,2.31,3.81,7.93
20251124,28.39,80.3,16.01,3.15,20.08
20251125,28.24,81.42,3.03,2.03,22.52
20251126,28.81,77.54,1.68,1.69,20.55
20251127,28.71,79.64,1.44,2.37,23.73
20251128,28.87,81.17,1.03,3.15,21.43
20251129,27.99,80.54,4.02,1.73,12.17
20251130,27.73,81.26,1.6,1.88,18.2
20251201,28.26,78.17,1.36,1.75,20.76
20251202,28.14,82.96,3.91,3.01,17.82
20251203,27.82,81.65,11.44,2.49,23.31
20251204,27.77,84.54,6.66,4.16,18.24
20251205,28.14,78.07,2.37,2.52,21.05
20251206,28.24,80.06,2.73,2.8,16.34
20251207,28.06,83.49,14.82,3.24,19.96
20251208,28.01,85.14,3.93,3.43,16.01
20251209,28.0,78.19,7.38,4.69,2.95
20251210,28.26,77.57,1.7,2.72,22.33
20251211,28.32,76.96,3.89,1.67,20.38
20251212,28.58,81.43,3.84,4.51,14.01
20251213,28.18,81.33,3.44,3.47,12.5
20251214,27.91,81.62,10.07,3.31,14.54
20251215,27.9,83.09,1.06,3.76,9.64
20251216,27.95,84.33,5.5,4.7,12.69
20251217,28.26,83.78,7.8,6.13,16.03
20251218,28.34,83.88,5.44,5.88,20.6
20251219,27.92,78.9,8.47,2.66,14.23
20251220,27.74,79.58,1.64,1.6,20.09
20251221,28.22,83.06,4.65,3.59,22.09
20251222,27.88,83.85,6.02,3.26,12.42
20251223,27.87,81.06,3.96,1.87,13.15
20251224,28.05,79.45,4.16,1.37,19.82
20251225,28.22,80.52,2.37,2.08,19.55
20251226,28.4,80.87,4.09,2.26,22.34
20251227,27.6,85.07,7.34,2.75,13.46
20251228,27.65,81.79,4.17,2.81,17.85
20251229,28.24,83.09,2.42,4.34,19.48
20251230,27.87,83.67,5.6,3.96,16.26
20251231,28.0,79.49,1.69,1.7,20.13
20260101,27.66,84.6,10.27,4.24,7.27
20260102,27.67,84.15,5.07,4.54,17.48
20260103,27.31,86.24,3.58,4.67,10.52
20260104,26.9,87.13,8.64,4.55,11.64
20260105,26.86,87.73,6.18,3.99,10.96
20260106,27.0,82.39,12.93,2.91,8.42
20260107,27.48,81.24,12.45,3.24,18.12
20260108,27.41,82.1,32.54,4.48,12.62
20260109,27.39,80.29,2.34,2.0,17.02
20260110,27.9,76.14,7.21,1.86,21.14
20260111,28.3,77.2,14.87,4.72,11.08
20260112,28.17,76.57,2.45,4.74,19.96
20260113,28.69,78.05,0.69,5.32,20.81
20260114,28.08,83.09,3.03,4.4,18.26
20260115,27.75,81.76,3.99,2.62,16.46
20260116,27.61,79.9,5.4,1.37,23.35
20260117,27.91,77.8,7.12,1.07,23.57
20260118,28.29,77.58,34.26,1.98,17.58
20260119,27.79,83.46,11.04,3.74,19.51
20260120,27.7,80.65,19.69,1.95,12.19
20260121,28.29,78.12,3.06,3.68,19.0
20260122,28.62,79.78,1.49,5.74,19.05
20260123,28.46,83.59,0.65,6.77,18.43
20260124,28.52,81.06,0.2,5.15,22.6
20260125,28.48,80.29,0.53,3.76,22.1
20260126,28.38,80.59,0.57,3.2,21.86
20260127,28.6,81.62,4.18,4.42,21.27
20260128,28.07,82.61,7.92,2.86,10.3
20260129,27.5,82.24,2.02,3.19,21.39
20260130,27.68,82.54,1.52,2.66,21.13
20260131,27.61,81.82,8.75,5.91,8.92
20260201,28.05,78.54,2.59,3.23,17.16
20260202,27.5,83.36,11.01,2.65,8.41
20260203,27.2,79.07,3.9,0.95,21.46
20260204,27.74,77.55,25.63,1.71,13.34
20260205,27.83,78.12,12.44,2.53,23.98
20260206,27.73,76.73,2.68,1.52,14.61
20260207,27.53,77.14,4.32,1.07,20.53
20260208,28.05,75.45,4.2,2.04,14.41
20260209,28.52,71.15,1.69,0.95,18.16
20260210,28.07,78.79,4.98,1.73,17.43
20260211,27.62,81.76,10.74,3.71,10.7
20260212,28.14,79.34,0.7,3.31,21.53
20260213,27.12,85.05,14.4,3.93,16.28
20260214,27.12,77.68,5.84,2.36,17.88
20260215,28.33,74.78,0.44,2.77,22.64
20260216,28.61,79.85,1.36,3.66,20.2
20260217,28.5,82.66,1.4,5.9,20.2
20260218,28.85,79.59,1.61,7.55,20.39
20260219,27.65,84.49,2.46,4.14,15.12
20260220,27.86,79.89,16.41,1.51,23.65
20260221,26.69,83.9,20.24,1.47,9.39
20260222,27.42,79.15,12.46,2.7,17.74
20260223,28.12,81.25,2.94,4.01,16.73
20260224,27.67,85.85,23.4,6.45,4.56
20260225,26.79,82.33,40.07,3.55,12.62
20260226,27.67,76.74,2.55,3.33,20.05
20260227,28.31,79.14,2.68,2.91,23.15
20260228,28.48,77.3,2.42,2.87,20.3
20260301,28.53,76.0,1.32,2.17,24.87
20260302,28.36,81.07,1.97,3.24,23.46
20260303,28.05,81.26,6.73,2.35,15.44
20260304,27.96,78.73,1.27,3.48,24.18
20260305,27.53,81.43,8.78,3.75,20.88
20260306,27.98,83.8,5.71,5.62,23.73
20260307,27.23,85.78,20.57,4.22,11.98
20260308,27.62,78.94,2.25,2.39,21.48
20260309,27.82,77.89,3.57,1.82,21.83
20260310,28.09,81.26,4.26,3.17,21.41
20260311,27.82,79.55,6.18,1.64,20.07
20260312,28.08,79.55,5.77,2.27,16.21
20260313,28.09,79.15,2.49,2.41,21.44
20260314,28.6,82.45,5.07,5.85,15.35
20260315,28.89,80.99,5.02,5.36,20.07
20260316,28.38,82.92,9.06,3.66,8.67
20260317,27.92,79.3,3.67,1.64,18.37
20260318,28.06,79.2,3.03,2.35,21.28
20260319,27.85,85.06,7.12,4.55,12.75
20260320,27.48,85.71,5.87,4.76,12.86
20260321,27.59,85.43,3.83,4.97,20.57
20260322,27.94,83.52,16.52,4.72,20.57
20260323,28.13,79.16,22.74,3.55,22.25
20260324,28.62,81.22,6.52,5.09,23.87
20260325,28.77,81.01,4.93,6.54,17.48
20260326,28.74,80.31,1.89,5.72,24.55
20260327,28.45,80.58,0.89,2.53,23.27
20260328,28.22,81.17,2.95,1.0,23.51
20260329,28.17,81.55,1.2,1.67,21.9
20260330,28.18,80.86,2.15,1.58,16.32
20260331,28.04,78.33,2.76,1.59,16.41
20260401,28.63,74.01,0.7,1.9,24.01
20260402,28.58,78.82,14.85,2.16,20.2
20260403,27.86,83.83,7.97,3.19,15.29
20260404,28.22,78.05,0.17,1.76,25.08
20260405,28.26,79.27,1.85,1.49,22.53
20260406,28.31,80.37,1.13,1.66,20.19
20260407,28.26,78.08,0.71,1.18,19.32
20260408,28.58,76.21,1.04,2.15,22.06
20260409,28.66,76.18,2.0,1.66,18.89
20260410,28.42,78.0,1.91,1.65,22.75
20260411,28.4,79.97,2.04,2.7,17.03
20260412,28.49,80.39,0.6,3.14,24.34
20260413,28.53,78.94,0.88,2.26,13.78
20260414,28.8,76.84,0.03,2.27,20.98
20260415,28.65,76.76,0.32,1.8,22.26
20260416,28.62,73.58,0.81,1.28,15.48
20260417,28.89,70.99,0.08,1.65,24.04
20260418,28.67,72.24,0.09,1.14,21.48
20260419,28.79,73.62,0.57,1.51,21.26
20260420,28.71,75.24,0.01,1.59,21.07
20260421,28.93,76.64,0.69,2.4,23.37
20260422,27.95,81.21,8.19,1.17,21.33
20260423,28.58,77.64,0.71,2.64,22.83
20260424,28.78,78.85,8.8,2.61,23.28
20260425,29.3,80.71,3.99,2.45,21.06
20260426,28.54,81.27,3.53,2.17,22.51
20260427,28.26,83.0,2.47,2.54,19.41
20260428,28.4,73.68,0.35,1.75,23.28
20260429,29.09,73.32,0.54,1.91,23.06
20260430,29.05,77.95,2.44,1.7,21.82
20260501,28.48,77.86,1.95,2.35,18.54
20260502,28.67,75.13,1.11,1.31,19.54
20260503,28.2,77.48,1.13,2.18,22.86
20260504,29.15,76.95,1.72,2.28,21.65
20260505,28.66,79.31,2.94,1.61,16.8
20260506,28.37,81.78,5.57,1.69,19.32
20260507,28.56,79.29,0.98,1.63,21.11
20260508,29.0,78.17,0.52,2.21,19.41
20260509,28.84,82.12,1.51,2.56,15.6
20260510,28.26,77.77,4.71,1.68,16.71
20260511,29.41,79.66,3.32,3.38,22.67
20260512,28.51,85.98,5.9,2.98,21.57
20260513,28.38,81.26,2.26,2.02,20.52
20260514,28.72,79.42,9.93,2.15,20.65
20260515,28.03,83.44,3.02,2.21,14.07
20260516,28.56,81.4,2.17,1.91,22.28
20260517,28.14,82.88,2.8,2.42,8.75
20260518,28.27,79.91,3.97,2.64,8.14
20260519,29.15,75.17,0.78,2.0,18.89
20260520,29.1,75.9,2.07,1.74,5.69
20260521,29.28,79.81,0.38,1.92,23.45
20260522,28.95,82.03,1.49,2.85,21.54
20260523,29.05,78.98,1.02,2.63,18.9
20260524,28.6,81.05,1.29,1.9,18.72
20260525,28.32,81.92,3.87,1.95,17.27
20260526,28.37,84.27,1.09,3.87,22.08
20260527,28.64,80.15,2.17,2.52,19.4
20260528,28.34,82.1,2.11,3.01,19.86
20260529,28.66,82.4,3.05,3.35,18.59
20260530,28.53,80.6,3.65,2.71,18.83
20260531,29.06,77.68,1.77,3.47,19.34
20260601,29.32,78.12,0.31,4.76,20.22
20260602,29.14,79.21,1.38,5.51,21.4
20260603,28.89,80.57,3.41,3.23,20.36
20260604,28.32,73.17,2.44,2.15,19.94
20260605,29.15,75.5,0.3,3.08,18.28
20260606,29.48,73.34,0.08,1.86,20.94
20260607,29.31,77.58,0.4,6.01,12.82
20260608,29.27,77.33,0.15,5.97,19.19
20260609,28.88,79.94,0.19,5.32,19.35
20260610,28.7,81.06,1.24,3.43,18.9
20260611,28.09,83.28,3.28,2.56,18.6
20260612,27.86,85.4,31.53,5.4,12.85
20260613,27.72,87.43,27.61,7.49,11.19
20260614,28.21,84.54,17.24,4.68,15.04
20260615,28.5,77.76,0.42,2.71,19.95
20260616,28.29,80.34,0.8,3.9,13.98
20260617,28.55,76.84,0.32,2.46,20.64
20260618,28.77,77.7,0.24,3.86,20.68
20260619,28.93,77.8,0.27,5.04,16.33
20260620,29.13,77.41,0.09,5.2,21.44
20260621,29.21,75.12,0.01,3.06,20.59
20260622,29.08,74.78,0.06,2.83,20.65
20260623,28.9,78.15,0.33,3.32,18.58
20260624,28.56,77.54,0.19,1.82,20.69
20260625,28.65,74.05,0.21,2.2,20.76
20260626,28.95,79.38,0.33,3.25,21.05
20260627,28.92,77.22,0.24,1.75,19.68
20260628,28.9,80.29,0.38,4.36,19.96
20260629,28.77,81.74,0.23,6.48,17.66
20260630,28.76,81.02,0.43,7.11,19.67
20260701,28.35,82.02,0.44,5.31,20.16
20260702,28.75,78.53,0.23,4.58,21.4
20260703,28.69,81.37,0.88,4.14,21.11
20260704,28.85,81.11,0.98,5.35,19.89
20260705,28.95,76.77,0.15,3.38,21.66
20260706,28.96,76.71,0.03,6.7,21.88
20260707,28.74,74.59,0.0,7.25,21.99
20260708,28.45,78.21,0.01,6.5,21.04
20260709,28.23,78.63,0.02,7.15,21.72
20260710,28.43,76.59,0.02,7.42,22.15
20260711,29.11,72.91,0.0,5.61,21.49
20260712,29.0,75.93,0.0,5.65,22.02
20260713,29.0,76.78,0.0,5.48,21.63
20260714,29.18,74.32,0.01,3.8,21.97
20260715,28.81,79.18,0.07,3.27,21.08
20260716,29.16,79.26,0.19,6.43,21.71
20260717,29.04,77.24,0.05,5.28,21.13
20260718,28.54,79.49,0.07,4.23,22.17
20260719,28.57,79.13,0.02,5.47,22.34
20260720,28.61,77.59,0.01,5.9,22.17
20260721,28.5,79.66,0.35,6.59,22.16
20260722,28.18,82.01,0.57,7.25,21.32
20260723,27.91,82.6,0.82,8.34,22.19
20260724,28.11,79.91,0.16,8.01,21.32
20260725,28.4,76.97,0.11,6.86,21.02
20260726,28.61,74.59,0.03,2.83,22.37
20260727,28.65,76.37,0.07,3.66,20.87
20260728,28.65,77.49,0.1,3.34,21.71
20260729,28.7,77.22,0.14,3.51,20.91
20260730,28.53,78.44,0.13,3.28,22.2
20260731,28.9,76.48,0.03,3.67,22.47
20260801,28.85,75.64,0.01,3.74,22.45
20260802,28.95,73.97,0.0,4.22,22.71
20260803,29.03,74.23,0.0,3.9,22.72
20260804,28.73,77.51,0.02,4.37,21.88
20260805,28.88,77.61,0.01,7.03,22.48
20260806,28.76,75.45,0.01,7.34,23.13
20260807,28.54,73.36,0.01,7.27,23.38
20260808,28.39,73.68,0.0,7.43,23.51
20260809,28.32,71.84,0.0,5.86,23.76
20260810,28.0,76.03,0.0,4.84,23.33
20260811,27.92,78.59,0.0,5.28,23.63
20260812,27.89,82.11,0.0,5.57,23.43
20260813,28.21,81.79,0.0,6.36,23.4
20260814,28.46,81.31,0.0,6.92,23.28
20260815,28.29,80.04,0.0,6.38,22.87
20260816,27.99,81.53,0.0,5.97,22.36
20260817,28.27,78.33,0.0,6.72,23.64
20260818,28.35,73.9,0.0,5.67,24.09
20260819,28.35,72.91,0.0,2.02,22.75
20260820,28.14,74.69,0.0,4.2,23.72
20260821,28.23,74.53,0.0,4.71,23.17
20260822,27.97,78.22,0.0,4.54,23.84
20260823,28.01,77.57,0.0,5.78,23.75
20260824,27.78,78.67,0.0,7.33,24.18
20260825,27.76,78.33,0.0,7.15,24.4
20260826,27.74,77.36,0.0,5.62,24.23
20260827,27.61,77.18,0.0,6.29,24.59
20260828,27.55,76.78,0.0,6.13,24.79
20260829,27.45,79.21,0.0,3.77,24.6
20260830,27.93,78.05,0.0,2.84,24.37
20260831,28.11,80.14,0.0,4.69,23.9
20260901,28.48,74.48,0.08,4.88,23.35
20260902,28.48,73.63,0.09,3.4,23.45
20260903,28.24,76.57,0.07,5.17,23.74
20260904,28.33,78.65,1.21,5.35,23.81
20260905,28.21,79.6,1.45,6.21,23.01
20260906,28.09,78.99,0.36,3.63,21.89
20260907,28.08,82.4,4.66,5.56,20.13
20260908,28.1,80.36,1.51,4.61,18.64
20260909,28.16,78.37,1.31,5.29,24.56
20260910,28.11,78.66,0.56,3.71,23.79
20260911,28.26,75.19,0.97,2.27,19.72
20260912,28.06,76.3,0.9,1.45,24.53
20260913,28.58,74.38,0.21,3.44,24.47
20260914,28.54,73.36,1.45,2.79,24.68
20260915,28.71,70.47,0.08,3.51,24.77
20260916,28.42,73.92,0.06,5.44,23.55
20260917,28.32,74.76,0.08,5.93,22.95
20260918,28.34,73.33,0.0,3.82,24.75
20260919,28.32,75.7,0.0,2.93,24.42
20260920,28.32,76.81,0.04,3.49,-999.0
20260921,28.34,77.07,0.95,3.1,-999.0
20260922,-999.0,-999.0,-999.0,-999.0,-999.0
20260923,-999.0,-999.0,-999.0,-999.0,-999.0
20260924,-999.0,-999.0,-999.0,-999.0,-999.0
